АКТИВНЫЕ ПАРТНЕРЫ SECRETROOM,,,,
"Пишите мне в личку, чтобы стать нашим партнерами — @judasvanzandt ",,,,
Название компании,Чем занимается,Условия для читателей,Промокод или ссылка,
Антидетект-браузеры,,,,
Vision,Антидетект-браузер ,Скидка 20% на первую покупку,Промокод: SECRETVISION,
Dolphin,Антидетект-браузер ,Скидка 20% на первую оплату,Промокод: SecretRoom,
Binom,Антидетект-браузер ,Месяц бесплатно и скидка 40% на оплату второго месяца,Промокод: SecretRoom,Отличное предложение
Octo Browser,Антидетект-браузер ,Скидка 30% на первую оплату,При регистрации по ссылке введите промокод: SECRETROOM30,
Клоакинг,,,,
Cloaking House,Сервис клоакинга для арбитража,Скидка 30% на любую подписку,Промокод: IGAMCAL30,
Карты,,,,
Combo Cards,Сервис по выпуску виртуальных карт,40 карт бесплатно,Ссылка для регистрации и промокод SECRETROOM,Отличное предложение
Приложения и PWA,,,,
TSL Apps,Аренда PWA-приложений под Gambling,+10% к пополнению и 7 дней триала,Ссылка для регистрации,
Apps4You,Аренда PWA-приложений под Gambling,Скидка 10%,Промокод: SECRET10,
Дизайнеры креативов,,,,
Mafia Creo,Студия создания рекламных креативов,Скидка 20% на первый заказ,Промокод: крео20,
Spy-сервисы,,,,
Spy House,"Профессиональный спай-сервис для поиска прибыльных рекламных креативов, связок и офферов в форматах Facebook и TikTok, Push, Inpage",Скидка 30%,Промокод: SECRETSPY,Отличное предложение
Трекеры,,,,
AIO (Tracker),Трекер MTK для аналитики трафика,Два месяца по цене одного,Ссылка для регистрации,
Софт для команд,,,,
AIO (ERP),ERP-система для управления арбитражной командой,Скидка 20% на первый месяц,Ссылка для регистрации,Отличное предложение
CostView,Учет расходов и финансов для медиабаинга,Скидка 20%,Ссылка для регистрации,
Affilka,"AI-менеджер для серфинга по рабочим чатам: автоматизация переписок, сбор аналитики и ключевых данных по партнерам",Скидка 15%,Промокод: SECRETAFFILKA,
Контент для сайтов (SEO),,,,
iGamingTextLab,"Контент для игроков на 45+ языках, который создают без ИИ реальные игроки ",Скидка 15%,Промокод: SEOWAKE,
Прокси,,,,
MangoProxy,Сервис с топовыми проксями,Скидка на резидентские прокси и статические ISP,"Промокоды:

SECRETROOM 20% на резидентские прокси

SECRETPROXY 5% статические ISP",
ProxyShard,"Прокси-сервис для PPC, SEO, парсинга и автоматизации",Скидка на прокси 15% ,"Промокод при регистрации по ссылке:

secret  15% скидка на Datacentre (при заказа от месяца) и Residential прокси (стандартные)",